{
  "model_type": "weighted_rule_model",
  "threshold": 0.56,
  "feature_schema_version": "feature_schema_v1",
  "weights": {
    "register_rate": 0.007898,
    "invite_rate": 0.002272,
    "bye_rate": 3.8e-05,
    "error_4xx_ratio": 0.000637,
    "error_5xx_ratio": 0.000304,
    "latency_p95": 0.892269,
    "retransmission_count": 0.035994,
    "inter_arrival_mean": 3.8e-05,
    "payload_variance": 0.06055
  },
  "bounds": {
    "register_rate": {
      "min": 0.10095052969576082,
      "max": 6.922529963321058
    },
    "invite_rate": {
      "min": 0.1005769091611317,
      "max": 3.46013799440668
    },
    "bye_rate": {
      "min": 0.05014576365635407,
      "max": 0.19923399762059424
    },
    "error_4xx_ratio": {
      "min": 0.00023007188003930647,
      "max": 0.8439119147962519
    },
    "error_5xx_ratio": {
      "min": 5.3901047324622646e-05,
      "max": 0.3480377222713136
    },
    "latency_p95": {
      "min": 18.18748501784403,
      "max": 637.5169798136969
    },
    "retransmission_count": {
      "min": 0.010501939640812141,
      "max": 34.74092533819977
    },
    "inter_arrival_mean": {
      "min": 0.2193173365588627,
      "max": 7.984497236830077
    },
    "payload_variance": {
      "min": 8.0606782729006,
      "max": 88.30175751882445
    }
  }
}