{
  "model_type": "autogluon_tabular",
  "threshold": 0.6,
  "feature_schema_version": "feature_schema_v1",
  "automl_engine": "autogluon",
  "predictor_path": "ai/models/autogluon/candidate-v1",
  "best_model": "WeightedEnsemble_L2",
  "leaderboard": [
    {
      "model": "KNeighbors",
      "score_test": 1.0,
      "score_val": 1.0,
      "eval_metric": "accuracy",
      "pred_time_test": 0.017096996307373047,
      "pred_time_val": 0.11868906021118164,
      "fit_time": 0.013519287109375,
      "pred_time_test_marginal": 0.017096996307373047,
      "pred_time_val_marginal": 0.11868906021118164,
      "fit_time_marginal": 0.013519287109375,
      "stack_level": 1,
      "can_infer": true,
      "fit_order": 1
    },
    {
      "model": "WeightedEnsemble_L2",
      "score_test": 1.0,
      "score_val": 1.0,
      "eval_metric": "accuracy",
      "pred_time_test": 0.019430875778198242,
      "pred_time_val": 0.11906909942626953,
      "fit_time": 0.03308534622192383,
      "pred_time_test_marginal": 0.0023338794708251953,
      "pred_time_val_marginal": 0.0003800392150878906,
      "fit_time_marginal": 0.019566059112548828,
      "stack_level": 2,
      "can_infer": true,
      "fit_order": 4
    },
    {
      "model": "RandomForest",
      "score_test": 1.0,
      "score_val": 1.0,
      "eval_metric": "accuracy",
      "pred_time_test": 0.06153082847595215,
      "pred_time_val": 0.03388404846191406,
      "fit_time": 0.6601519584655762,
      "pred_time_test_marginal": 0.06153082847595215,
      "pred_time_val_marginal": 0.03388404846191406,
      "fit_time_marginal": 0.6601519584655762,
      "stack_level": 1,
      "can_infer": true,
      "fit_order": 2
    },
    {
      "model": "ExtraTrees",
      "score_test": 1.0,
      "score_val": 1.0,
      "eval_metric": "accuracy",
      "pred_time_test": 0.06695723533630371,
      "pred_time_val": 0.03802895545959473,
      "fit_time": 0.5183861255645752,
      "pred_time_test_marginal": 0.06695723533630371,
      "pred_time_val_marginal": 0.03802895545959473,
      "fit_time_marginal": 0.5183861255645752,
      "stack_level": 1,
      "can_infer": true,
      "fit_order": 3
    }
  ]
}